"","gene","baseMean","log2FoldChange","lfcSE","stat","pvalue","padj"
"1","HMI54_000317-T1",2170.86846043447,0.0013173761609471,0.143106724282831,21.380555734814,2.27651917224135e-05,0.000656559904373571
"2","HMI54_000338-T1",355.698766408534,0.0767341188428419,0.198025330304155,25.3930599545089,3.06173142377789e-06,0.000115740366985863
"3","HMI54_000402-T1",14.971269336871,4.86229301069417,1.62348788278975,31.2578915570399,1.63092913263158e-07,1.01986418938672e-05
"4","HMI54_000487-T1",472.429680648462,-0.183087544718748,0.617118526680198,20.1217507653621,4.27186321544684e-05,0.00114332147098219
"5","HMI54_000537-T1",347.040961718065,-0.103684767108608,0.202337998988128,25.5536267108525,2.82553351755203e-06,0.000108032255805375
"6","HMI54_000579-T1",2511.80337996594,-0.0448915387899999,0.152802438931437,15.5958026180272,0.000410595789058212,0.00767401235918574
"7","HMI54_000718-T1",250.110510902909,-0.15886582213012,0.228640768877196,17.8227915454133,0.000134843491712414,0.00303783772069954
"8","HMI54_000749-T1",57.338746051822,-0.282530192070499,0.461585357672887,41.8931257259272,7.99877229658943e-10,9.3894360414877e-08
"9","HMI54_000777-T1",132.607562431693,1.66738251889835,0.752674844977363,18.5811152167698,9.22915833686829e-05,0.00221334402982028
"10","HMI54_000827-T1",297.210349937593,0.0189159128385081,0.198750734051508,38.081954782603,5.37784881470399e-09,5.14045520274063e-07
"11","HMI54_000835-T1",41.1244718839876,0.754157712939923,0.529021637538876,17.788060005846,0.00013720560332805,0.00307037689587954
"12","HMI54_000891-T1",9874.74534344442,-0.0260306893436367,0.135340589226384,31.4221529034104,1.5023329490556e-07,9.48312241710471e-06
"13","HMI54_000915-T1",113.822484357835,0.370073883921109,0.365589606173016,43.6177501225688,3.37695990597006e-10,4.50352157755672e-08
"14","HMI54_001028-T1",107.29198510805,0.252455961423363,0.313907784173845,21.7980749204308,1.84760093337175e-05,0.000554363132071317
"15","HMI54_001049-T1",247.3294835916,-0.0848244783520823,0.314636489910104,79.8934526504873,4.4808167884048e-18,2.72555864829241e-15
"16","HMI54_001176-T1",8.4557299199607,3.59872822481961,1.76604682305957,19.5193860369179,5.77323421785796e-05,0.00148002720887692
"17","HMI54_001219-T1",359.27328826475,0.521194426626105,0.200608473366485,24.5548054894709,4.65577234020137e-06,0.000164824194329563
"18","HMI54_001238-T1",425.627080985426,0.209991112058888,0.233508519000006,30.2466558423653,2.70409618730347e-07,1.54641945207244e-05
"19","HMI54_001248-T1",7928.40424071052,0.0844853303583502,0.137918096443574,61.667834937934,4.06443130543025e-14,1.23614135748336e-11
"20","HMI54_001281-T1",423.493554686503,0.00393510217857902,0.189678048169445,17.2286927428932,0.000181483399464732,0.00390451905407886
"21","HMI54_001300-T1",1754.56251225296,-0.0474243483528944,0.154128957472282,29.7353807689365,3.49175776316859e-07,1.89945944661472e-05
"22","HMI54_001358-T1",707.353410305259,-0.0801531834482879,0.161816530241124,23.5621622613732,7.64788720452214e-06,0.000256105521044967
"23","HMI54_001417-T1",487.688704362935,0.124078164623212,0.20666956430009,30.8479911314599,2.00190671765264e-07,1.22887686677191e-05
"24","HMI54_001418-T1",684.594284081704,0.0587677629165052,0.165917492719981,17.8013030213944,0.00013630009657739,0.00306034881274939
"25","HMI54_001503-T1",254.756250945153,-0.414274583987305,0.214740879193678,18.0039781844435,0.000123164574578192,0.00282224030309139
"26","HMI54_001593-T1",168.377171962948,-0.116021823197331,0.249142945604074,18.5274162189443,9.4803132170857e-05,0.00226545627626859
"27","HMI54_001600-T1",1809.91809896636,0.336961870562709,0.133552129386177,67.1215806496436,2.65909561358367e-15,1.04658875002873e-12
"28","HMI54_001678-T1",15247.7523115192,-0.0169283561276096,0.177783199779418,22.1417222789696,1.55591582225576e-05,0.000476774217519581
"29","HMI54_001690-T1",181.300124806411,-0.223292277433073,0.239146479431742,16.4254450663882,0.000271181414949343,0.00548179712213309
"30","HMI54_001699-T1",606.333955119673,0.0768297674371225,0.181664106816559,15.8759383854889,0.000356930600034617,0.00684304482759777
"31","HMI54_001754-T1",104274.409824539,0.0777879467848283,0.13342645644924,28.7223037920983,5.79470027944185e-07,2.93729845225344e-05
"32","HMI54_001762-T1",335.549133408642,0.090098338179266,0.20355440826686,15.7287189241842,0.000384195330283976,0.00724127029557769
"33","HMI54_001776-T1",739.16481665141,0.0522069627327068,0.159054891783379,15.4329520709277,0.000445427512173088,0.00823302619875728
"34","HMI54_001777-T1",687.283336036355,-0.0914469165911334,0.174797730706817,16.2538486183168,0.000295475596241844,0.00590157377449008
"35","HMI54_001784-T1",671.580035584674,-0.0157295484763204,0.163267800412042,65.4993775176617,5.98399039812718e-15,2.00194398769345e-12
"36","HMI54_001860-T1",1015.93255746256,0.0578381976950647,0.191974689908739,24.0198725954705,6.08346393701933e-06,0.000207675802054063
"37","HMI54_001937-T1",365.176036458584,-0.102418847997332,0.188510612542926,15.2171807000906,0.000496170792870955,0.00890047928981116
"38","HMI54_002056-T1",338.306437674571,0.150567045298047,0.194592935064381,19.5859320111188,5.58430206879088e-05,0.00143709865931845
"39","HMI54_002134-T1",341.454087616436,0.0761334218705693,0.19820128870774,24.5969992243106,4.5585789710721e-06,0.000162241765401295
"40","HMI54_002183-T1",1786.02213658637,-0.00928725635324055,0.168178469678326,68.2174918839516,1.53730433826437e-15,6.42881457957931e-13
"41","HMI54_002184-T1",1685.98448818981,0.00960792890875978,0.14265967505885,28.5614279579347,6.28007342311744e-07,3.08970377015285e-05
"42","HMI54_002188-T1",197.491977427358,0.0465453641768793,0.287640288515018,17.2193093788861,0.000182336862386736,0.00391030751996683
"43","HMI54_002210-T1",77.2464341195051,-0.0336348387850792,0.376617266174483,24.8649975456481,3.98689122313036e-06,0.000144798590278595
"44","HMI54_002288-T1",323.145470335775,-0.0846383999781629,0.212140149344107,26.8190684438652,1.50076703793415e-06,6.47523883046386e-05
"45","HMI54_002428-T1",1003.21738420478,0.146936433615702,0.161489041040565,15.5529437481896,0.00041948957889458,0.00781839769466193
"46","HMI54_002438-T1",227.341299566752,0.0333179249609668,0.232209163508232,29.5376239776697,3.85466330014674e-07,2.06332417130254e-05
"47","HMI54_002453-T1",4766.98353769821,-0.0935067625914585,0.359427224287926,30.945078917317,1.90704741944422e-07,1.1814865077316e-05
"48","HMI54_002494-T1",2837.43856772871,-0.00907537972377214,0.134187952555133,20.1659466893432,4.17849912184341e-05,0.00113624263823669
"49","HMI54_002507-T1",45.8541175994024,0.143480337979803,0.514013672183265,18.6787107772613,8.78960766396379e-05,0.00213084293041963
"50","HMI54_002553-T1",557.970086385928,0.0393143639012895,0.191355067081347,15.3218135980317,0.000470880223415308,0.00856157493171692
"51","HMI54_002687-T1",1274.17026293122,-0.0438779926771246,0.151190501257283,49.8871468146118,1.46941243326984e-11,2.39800941244109e-09
"52","HMI54_002747-T1",2675.61842563912,-0.0366594683507558,0.216599549384454,66.5595901710754,3.52183200213782e-15,1.24465356392788e-12
"53","HMI54_002775-T1",1591.0836219931,-0.131897014885941,0.183278463284798,28.151247979545,7.70964128988221e-07,3.63276125849309e-05
"54","HMI54_003125-T1",2240.94040453931,-0.0696378595088981,0.146130834415314,164.7345547306,1.69178804171937e-36,1.13197537871443e-32
"55","HMI54_003164-T1",1885.47238180804,-0.0881138477925735,0.204515666201692,36.2602533326911,1.33716817775053e-08,1.16194704900374e-06
"56","HMI54_003199-T1",1559.12544531906,-0.31570538375957,0.181442662734819,42.4403882518076,6.08396611002164e-10,7.53848467447311e-08
"57","HMI54_003202-T1",1260.31237434267,-0.0438498364329273,0.142054813541505,17.5240702055639,0.000156565656942914,0.00344598950856921
"58","HMI54_003258-T1",116.197790606018,0.321368801660973,0.300800623074162,27.6086795706215,1.01123339871096e-06,4.57173153430744e-05
"59","HMI54_003343-T1",685.800171596659,0.033794781140483,0.166703900087079,28.5781215297604,6.22787315005031e-07,3.08671846273975e-05
"60","HMI54_003449-T1",1252.16484412039,-0.04057290518415,0.170879385688905,35.6205004120421,1.8412239449071e-08,1.53995367692167e-06
"61","HMI54_003491-T1",3262.38303985319,-0.145768667596577,0.394672758638964,15.9234880215083,0.000348544721347017,0.00672078596695357
"62","HMI54_003597-T1",316.464000696248,0.165735424530658,0.208601492195165,20.1266082420399,4.26150056665186e-05,0.00114332147098219
"63","HMI54_003736-T1",1839.61889465122,-0.0355836320449898,0.137238908489966,16.1708686169908,0.000307992751765838,0.00606111618254478
"64","HMI54_003980-T1",2554.8972148666,-0.346776889354422,0.582460933518418,20.4988269816958,3.53782444308086e-05,0.000994604342380422
"65","HMI54_004038-T1",324.604453256702,-0.029007267393299,0.201337220934519,19.1880497665831,6.8134635033871e-05,0.00170744885023083
"66","HMI54_004086-T1",1337.27383185015,-0.354106830621461,0.230822133210439,19.665220410719,5.36724778087428e-05,0.00139736400396225
"67","HMI54_004207-T1",173.404617645683,0.100632865272132,0.340438845691143,33.9539208430592,4.23642741144126e-08,3.29603904766901e-06
"68","HMI54_004209-T1",12639.5358049653,0.0764520348333447,0.189099793947852,45.7759940522147,1.14780784769722e-10,1.70666273532047e-08
"69","HMI54_004269-T1",6751.11366493382,-0.080487054576287,0.181218558481025,15.2579155155511,0.00048616729846451,0.00874447686566138
"70","HMI54_004270-T1",601.56475361565,-0.216536940502955,0.171982323964251,18.2929050193614,0.000106597285630982,0.00252029130090778
"71","HMI54_004353-T1",179.428190139778,-0.114192489534287,0.264537162933546,20.4417960466227,3.64015928992245e-05,0.00101909229325821
"72","HMI54_004456-T1",320.601053641191,-0.100928103513936,0.218769643662214,31.5558336310908,1.405198867414e-07,9.0405630979491e-06
"73","HMI54_004586-T1",149.703584499444,0.23461972662068,0.271959752372211,15.3698093163239,0.00045971461730875,0.00840423635085477
"74","HMI54_004607-T1",646.188192127897,-0.134929889807234,0.453753530508555,22.0244671383543,1.64986240874004e-05,0.000498980107929067
"75","HMI54_004662-T1",102.855579373626,0.00335600259976185,0.354456164304649,15.2653529862231,0.000484362728391372,0.00874447686566138
"76","HMI54_004695-T1",2367.50855438653,-0.0614377295784731,0.132678922067122,42.0766766874057,7.29735961563173e-10,8.71904164074855e-08
"77","HMI54_004807-T1",1825.1856303641,-0.157194656133734,0.147661048043256,57.7612704127416,2.86615383136422e-13,7.37593664833e-11
"78","HMI54_004856-T1",230.004961062671,0.181960142300211,0.230157268489519,18.0533135245767,0.000120163557709104,0.00279754315579137
"79","HMI54_004874-T1",8972.7114480926,0.114894801161163,0.458177064832834,28.3138570816441,7.10761759877705e-07,3.44910023850606e-05
"80","HMI54_004885-T1",495.439450409269,-0.0395280912250991,0.20617808811087,39.7103289569488,2.38238326494807e-09,2.49070725402617e-07
"81","HMI54_004886-T1",3162.15315886091,-0.0151658301121832,0.145525135086447,33.6821862004025,4.85295425257655e-08,3.73231228781491e-06
"82","HMI54_004944-T1",142.630338363416,-0.306847511581995,0.354202753983792,32.8663539688131,7.29729520437209e-08,5.08606273046392e-06
"83","HMI54_005002-T1",176.800974047672,0.467234156869316,0.270306630737271,24.2832259155609,5.33291290517035e-06,0.000185846459627577
"84","HMI54_005097-T1",369.165944562856,0.157007916339395,0.190346816273051,25.785614051254,2.51608351622981e-06,9.84509637841734e-05
"85","HMI54_005266-T1",223.826676834405,-0.107568815239229,0.224172293593936,15.1435394940262,0.000514780610541155,0.00913633173774766
"86","HMI54_005273-T1",6589.22588549208,-0.145919080717788,0.13355755977264,26.8072051691688,1.50969549776171e-06,6.47523883046386e-05
"87","HMI54_005280-T1",112.153821211068,0.16306862855003,0.333244076913566,15.5115662500399,0.000428258691738894,0.00793761469923806
"88","HMI54_005282-T1",1402.30142931979,-0.0920051497182274,0.149577420917978,21.6841987218277,1.95585239102987e-05,0.000582757106317053
"89","HMI54_005302-T1",933.085476108787,0.219863378721224,0.212153057690497,17.5785566585123,0.000152357880244954,0.00337195688386464
"90","HMI54_005505-T1",519.920499820473,-0.154911060149943,0.175350791055115,15.128567366196,0.000518648751604953,0.00915640843532649
"91","HMI54_005506-T1",869.145690794346,-0.174174388746041,0.184870418985337,18.1789965154318,0.00011284467326546,0.00264001296789928
"92","HMI54_005520-T1",345.113535273908,0.0917697536337308,0.189165571077093,21.5005946724949,2.14390327672431e-05,0.000623689427154887
"93","HMI54_005532-T1",4191.7500513995,-0.0602874425288708,0.430898295061925,28.2354713708777,7.39171638312414e-07,3.53271245139169e-05
"94","HMI54_005583-T1",2087.7377982568,-0.104578560365043,0.151127465088982,23.3150498800152,8.65368825525154e-06,0.000283832490764157
"95","HMI54_005622-T1",689.156996263884,-0.167882880211831,0.178809234480401,28.155757186731,7.69227868517967e-07,3.63276125849309e-05
"96","HMI54_005634-T1",883.767902247529,-0.192561158887362,0.163919428907034,17.3976008713458,0.00016678576128654,0.00362325821028649
"97","HMI54_005637-T1",88.8889823309007,-0.346642715189266,0.358136536692013,16.6465388629234,0.000242800744745763,0.00499870702490431
"98","HMI54_005687-T1",3178.01408661788,-0.323671283787868,0.398322555760079,26.0009269311597,2.25928206482408e-06,9.05200975792691e-05
"99","HMI54_005758-T1",102.593397027302,-0.123846285964188,0.351773440363261,31.9254741099564,1.16807675364031e-07,7.81560155860734e-06
"100","HMI54_005880-T1",460.858488046,-0.0445444591987122,0.177720875347406,58.2708981911085,2.22144328577236e-13,5.94547081004114e-11
"101","HMI54_005881-T1",266.647748965844,0.0696974217322692,0.208932262762353,17.1133228063727,0.000192260102309316,0.0040727840597124
"102","HMI54_005916-T1",295.313033618138,-0.0499120950387039,0.214325573307304,22.0449161780737,1.63307930358182e-05,0.000496678800921178
"103","HMI54_005952-T1",159.293065552141,-0.0802060106247395,0.277945877834348,21.0535673300564,2.68087115608115e-05,0.000769858751302101
"104","HMI54_006095-T1",144.054174529618,-0.252265270847617,0.313593082478655,52.0621676846359,4.95272174829845e-12,8.72070032049077e-10
"105","HMI54_006128-T1",1821.31464695623,0.0486831168217213,0.148367793788646,35.7750593439196,1.70429421006561e-08,1.46197853327551e-06
"106","HMI54_006253-T1",105.106940153801,-0.575190230775913,0.330700826152578,19.4969444560817,5.83837927505562e-05,0.00148534584522423
"107","HMI54_006302-T1",169.334608162847,-0.0272270674473007,0.259377058746571,23.038762373405,9.93565071669747e-06,0.000318083439930253
"108","HMI54_006310-T1",215.967241121687,-0.0514188707966228,0.237601976330122,15.2616075948321,0.000485270642245727,0.00874447686566138
"109","HMI54_006363-T1",927.145240636889,-0.0762018421803523,0.662608747548497,19.2067943618248,6.74990401010299e-05,0.00169787998990974
"110","HMI54_006477-T1",939.9956476562,-0.285625940310709,0.170145359866383,29.0758745566112,4.85572476435703e-07,2.5382542498682e-05
"111","HMI54_006604-T1",6648.59116559972,-0.221661546713704,0.186472272471913,17.9290658726763,0.000127865332677125,0.00291858345173623
"112","HMI54_006642-T1",168.566744375605,-0.663298367462106,0.372880382550317,56.9793691346109,4.23728037145032e-13,1.05006085056941e-10
"113","HMI54_006678-T1",679.087391442536,-0.196641433221394,0.24864641920296,100.547891706769,1.4665697822018e-22,2.41714085318741e-19
"114","HMI54_006701-T1",380.530747232475,0.00422516867785334,0.187928951331268,27.1008865601283,1.30351867082732e-06,5.70055125915399e-05
"115","HMI54_006741-T1",392.290842999959,-0.565069903569869,0.228546251333432,37.8109531636297,6.15822911652722e-09,5.73790739788167e-07
"116","HMI54_006748-T1",131.537915496595,0.102811905343903,0.337804893189453,54.8886269241185,1.20527487609331e-12,2.78086006756562e-10
"117","HMI54_006777-T1",286.064453958143,-0.0856379496135903,0.231093199936937,17.07819523931,0.00019566674633223,0.00411700062801556
"118","HMI54_006865-T1",266.71279515475,-0.031688941515673,0.298002174501484,52.1175275036601,4.81751080466319e-12,8.71188237675714e-10
"119","HMI54_006959-T1",629.97604371406,-0.0853055168334699,0.162099582046361,26.4008262316362,1.84983684284854e-06,7.64028291080219e-05
"120","HMI54_006960-T1",413.461509196404,-0.0825013776285995,0.19580819819105,21.5500824421016,2.09150571402615e-05,0.000611103263430087
"121","HMI54_006962-T1",559.480672882129,-0.435732517749731,0.198512381137317,25.5414183018352,2.84283390080842e-06,0.000108076145626756
"122","HMI54_007046-T1",203.322819758584,0.0124391834014245,0.228010488172593,16.1486991658196,0.000311425758720142,0.00609970283317313
"123","HMI54_007319-T1",1475.92748384114,-0.0408596909738444,0.160681646835238,22.5708089353708,1.25548380122831e-05,0.000390718237861331
"124","HMI54_007330-T1",104.265861148812,-0.957711518949636,0.335785506288046,17.6418673834394,0.000147610473193494,0.00328126802703545
"125","HMI54_007492-T1",4220.48252833171,-0.158489967789002,0.150595382051321,19.4523012966797,5.97016650100028e-05,0.00151312060826488
"126","HMI54_007657-T1",376.73272048328,0.0517304285789629,0.198389812262991,16.3369173524282,0.000283454575197672,0.00567842683427433
"127","HMI54_007673-T1",180.484726650354,-0.153984636037176,0.25092409384159,18.0491436599754,0.000120414351945586,0.00279754315579137
"128","HMI54_007724-T1",116.730493694536,-0.0021391570060971,0.300940939504327,16.5717790150537,0.000252048379300722,0.00516177277135939
"129","HMI54_007741-T1",6.26031665684029,-5.03836613228447,1.87851864362989,15.9383570380992,0.000345963071265354,0.00669028586657943
"130","HMI54_007757-T1",15.9557867979037,1.34056390059981,1.06642636145223,24.2495495707817,5.42346967770459e-06,0.000188022982453479
"131","HMI54_007801-T1",429.521520317454,0.123044956891577,0.230736281096768,74.9353624117914,5.34555500297445e-17,2.75131604037708e-14
"132","HMI54_007868-T1",718.65851446727,0.0309667277377611,0.167621106815632,38.6816731949717,3.98456935323628e-09,3.92069905036823e-07
"133","HMI54_007906-T1",572.396900136415,-0.241920065515225,0.184821231845089,37.4130108791901,7.51394327101373e-09,6.70343925684705e-07
"134","HMI54_007980-T1",79.5130516270154,-0.468578255949723,0.449287607368653,54.3230968233285,1.59915074549487e-12,3.45158633487295e-10
"135","HMI54_007999-T1",300.330119367827,-0.197892158038407,0.218046346287808,20.0159219070064,4.50399378732011e-05,0.00120064631199039
"136","HMI54_008024-T1",762.661462114906,0.144528358648462,0.165397303666904,19.0294927664228,7.37561347456936e-05,0.00182778628734606
"137","HMI54_008109-T1",1449.62520284313,-0.0312879254044362,0.143118205864811,34.8362853050953,2.7251898390763e-08,2.2236884406414e-06
"138","HMI54_008158-T1",426.134586590583,-0.232569670070048,0.192315648223873,29.3691328662797,4.19347278585068e-07,2.2268671754069e-05
"139","HMI54_008217-T1",8042.21921323583,-0.229986101564181,0.154475861624053,32.5741416340318,8.44529876131911e-08,5.7078276779784e-06
"140","HMI54_008235-T1",1192.91750585796,-0.062055135588919,0.148650396261367,17.2752587962072,0.000177306728091838,0.00382696554084673
"141","HMI54_008326-T1",45.5854801751531,0.158418406614433,0.534169942257092,21.5704797949063,2.07028352711196e-05,0.00061078769158364
"142","HMI54_008370-T1",512.010725565901,-0.282005405048448,0.191091440818284,22.6062523022867,1.23343050266954e-05,0.000385648761372052
"143","HMI54_008378-T1",372.159199696468,0.00744648381232061,0.215276151881683,38.6393960099285,4.06969407988524e-09,3.94642363601625e-07
"144","HMI54_008432-T1",85.3472870341712,-0.0819206177884909,0.392796044335189,49.5931059766885,1.70213447086716e-11,2.71166232013622e-09
"145","HMI54_008448-T1",18.7506761824146,-0.141301637116921,0.840476694772984,15.798354351035,0.000371048722859459,0.00707318234943773
"146","HMI54_008566-T1",333.872947158589,-0.359317755991011,0.229649314667502,15.6424211980473,0.000401135774165876,0.00751820578415651
"147","HMI54_008602-T1",767.888710784573,-0.133652219453575,0.157457203531707,17.3316099218294,0.000172380733449208,0.00373268442559433
"148","HMI54_008610-T1",26.5365064785319,-0.379374873902065,0.720090236239436,15.9402084155533,0.000345642965332399,0.00669028586657943
"149","HMI54_008611-T1",552.648110584155,-0.133598978671913,0.241286242732165,52.2710644637711,4.46151718432532e-12,8.38749826301132e-10
"150","HMI54_008665-T1",1310.961040488,0.032992315025936,0.22248658538363,18.6243942931302,9.03158897710223e-05,0.00218160151067838
"151","HMI54_008678-T1",307.371408981589,-0.41953632435831,0.206441267334538,29.6368279253864,3.66812887330244e-07,1.97931050736021e-05
"152","HMI54_008702-T1",1712.7925495067,0.0653266455850973,0.152758172739134,20.3241734961919,3.86066217570544e-05,0.0010718543824749
"153","HMI54_008728-T1",571.373507208658,0.0120259580473022,0.178480484846261,17.479801723724,0.000160069756140527,0.00351156307651235
"154","HMI54_008866-T1",585.596190375969,-0.0365449734746391,0.195379803620311,72.107461604735,2.19818206690377e-16,1.05057401497522e-13
"155","HMI54_008945-T1",14184.3169833709,0.0756358831851244,0.138480057801891,50.0793126594596,1.33479763114537e-11,2.23278273749842e-09
"156","HMI54_008948-T1",1738.84130491087,-0.232859516047017,0.155075755135142,16.2067304315964,0.000302519380191074,0.00599395811148452
"157","HMI54_008978-T1",63.8029043978106,-0.650170707584223,0.634655816116043,35.55491523212,1.90260334116289e-08,1.5716443155211e-06
"158","HMI54_009014-T1",54.3561463765682,0.383896387085138,0.558158531001645,16.7321571683356,0.000232625990713382,0.00481888700886452
"159","HMI54_009029-T1",704.678158713136,-0.19338442052931,0.167872733413674,81.7691754225391,1.75407905223427e-18,1.17365429384995e-15
"160","HMI54_009179-T1",103.981413974036,-0.0168930822233049,0.333985916946409,28.7571845462951,5.69451469797055e-07,2.90854945374969e-05
"161","HMI54_009254-T1",984.749760023842,0.031090607374725,0.155036530671331,16.1888389711369,0.000305237777853076,0.00602461938529478
"162","HMI54_009272-T1",98.291789013924,-0.784559502043543,0.387506997286383,20.3546497077465,3.80227895168366e-05,0.00106004368607147
"163","HMI54_009393-T1",110.485472363053,0.456042961748794,0.339998546196478,23.3730712328767,8.40624550033588e-06,0.000279831784292275
"164","HMI54_009430-T1",277.291435625226,0.120122957281871,0.233702694530758,18.2104077804642,0.000111086221242222,0.00261207355865764
"165","HMI54_009623-T1",455.541934870168,-0.138573728695271,0.224158290982734,40.7961955501674,1.38426326829607e-09,1.56984839460491e-07
"166","HMI54_009665-T1",122.902076806812,-0.13950176109985,0.285520397020543,22.1358288132713,1.56050745235074e-05,0.000476774217519581
"167","HMI54_009700-T1",106.429488344657,-0.015020017601963,0.325602863037009,27.7697859343354,9.32969835600584e-07,4.24659943537654e-05
"168","HMI54_009701-T1",88.6055650698513,0.0464054036365109,0.357942484363571,37.4657041571495,7.31856125192841e-09,6.61736396441256e-07
"169","HMI54_009762-T1",615.800613718367,-0.135932713874512,0.19798782088281,19.1768487018271,6.85172958152802e-05,0.00171063144141806
"170","HMI54_009789-T1",509.126874485112,0.624690057570937,0.235983970802675,30.3222276991817,2.60382573839425e-07,1.50191362203413e-05
"171","HMI54_009790-T1",425.996128639977,0.651322900680806,0.215217602535499,29.8062314332613,3.37022643778381e-07,1.8551049466131e-05
"172","HMI54_009816-T1",397.992052446018,0.221611429282589,0.656374781673287,17.1795634297437,0.000185996683534099,0.00396338792842885
"173","HMI54_009869-T1",10.4966622181649,4.12383261595001,1.78820141041176,17.8710494037338,0.000131628802127707,0.00297543349674488
"174","HMI54_009917-T1",389.348938300592,-0.0224168435179811,0.188350789610431,15.6873833713753,0.000392218417561768,0.00737172312333088
"175","HMI54_010006-T1",375.958470469113,0.916955407258863,0.224139869406172,28.0561735768499,8.08498681745292e-07,3.75671158302621e-05
"176","HMI54_010130-T1",15.8888512380086,3.85728985602915,1.4686024679938,27.323377383963,1.16628311357702e-06,5.13394757430518e-05
"177","HMI54_010194-T1",182.670586568591,-0.207662630050967,0.275419768692653,54.4217300731438,1.52219912093811e-12,3.39501143939896e-10
"178","HMI54_010204-T1",190.09554678753,-0.380104911354567,0.243551983043999,23.3595664919308,8.46319965561922e-06,0.000280333014335387
"179","HMI54_010317-T1",142.764506139906,-0.105796639011771,0.267698899280977,28.3121540039999,7.11367258875857e-07,3.44910023850606e-05
"180","HMI54_010382-T1",844.034372817336,-0.0171483089624235,0.164249211347922,23.074756851266,9.75843590874545e-06,0.00031391199358373
"181","HMI54_010503-T1",65.7396492442519,-0.790344973691956,0.496531382923307,83.1626132939477,8.73912543410572e-19,8.35335546851448e-16
"182","HMI54_010522-T1",3332.73739058563,-0.324480921876139,0.142045577623318,38.746671309572,3.85715622298133e-09,3.85197496835344e-07
"183","HMI54_010960-T1",196.247996936925,-0.154997753968163,0.26230322541627,17.4447710676077,0.000162898128053947,0.00356193259741489
"184","HMI54_010987-T1",359.911145094888,-0.120972763007395,0.511860576184946,15.2907988288576,0.000478239256337307,0.00867181263998082
"185","HMI54_011108-T1",640.759646341266,-0.299662543067913,0.484951995160048,43.7429977022535,3.17196756659619e-10,4.42159062251982e-08
"186","HMI54_011109-T1",290.14002322113,0.0151585809067305,0.221302582208372,18.9434655969688,7.6997870026676e-05,0.00188715292435344
"187","HMI54_011230-T1",2087.20935654844,-0.0591776145543152,0.147002487682996,28.595048087558,6.17538733695572e-07,3.08354602026647e-05
"188","HMI54_011249-T1",1535.5415245102,0.019256387582774,0.171701825448737,54.0285198687591,1.85291705091404e-12,3.87433374614558e-10
"189","HMI54_011266-T1",141.928903109821,0.11081789270543,0.288815520860966,31.7183378906411,1.29553884565465e-07,8.41597127793714e-06
"190","HMI54_011350-T1",738.19527074527,-0.00610414170999251,0.250013059607728,18.4707415627584,9.75280253887101e-05,0.00231404261658106
"191","HMI54_011382-T1",764.775429774582,0.0646852261129097,0.246593746028374,16.3820043372279,0.000277136008015435,0.00556851960850232
"192","HMI54_011436-T1",32.9548490567798,1.50167233583818,0.603344922826351,16.058231685015,0.000325836172092156,0.00635618025501054
"193","HMI54_011469-T1",3831.1724582896,-0.205349953816371,0.185588566674608,37.2187661679573,8.28032942279739e-09,7.28995844314964e-07
"194","HMI54_011482-T1",906.402636637292,0.0733601974799316,0.164958972980962,19.930913736284,4.69955863485253e-05,0.00123798215849599
"195","HMI54_011992-T1",42.020476488438,-0.534647739980833,0.702138841353549,28.8642369566516,5.39772286319657e-07,2.77816643674217e-05
"196","HMI54_012105-T1",146.446653800605,0.0352572093980921,0.338681668823547,24.668940946862,4.39751709269217e-06,0.000157346453835312
"197","HMI54_012262-T1",742.737535654396,0.0253146584935018,0.16319095760163,41.0715596603726,1.20621337046984e-09,1.39151270031271e-07
"198","HMI54_012300-T1",80.3881610470603,-0.381618533981321,0.390405610039295,24.4251319821547,4.96763845332303e-06,0.000174939309953602
"199","HMI54_012356-T1",1229.00547415548,-0.0561943818848435,0.157512232003799,20.1531320670317,4.20535802065424e-05,0.00113624263823669
"200","HMI54_012616-T1",189.829864670263,-0.285199375093786,0.299974259759611,20.1815678357907,4.14598977208475e-05,0.00113624263823669
"201","HMI54_012736-T1",217.760866378886,0.109289593466676,0.232163815145764,17.0053653694836,0.000202923259027701,0.0042562994550293
"202","HMI54_012886-T1",3274.6864456202,-0.0417093365614593,0.130359271121984,18.6045933868365,9.12144989852771e-05,0.00219538206010967
"203","HMI54_012928-T1",2893.64813345017,-0.0456052909880836,0.125630543804268,45.5140930210637,1.30839921852761e-10,1.90315199373223e-08
"204","HMI54_012938-T1",1643.78623861574,0.00898773618735087,0.135600905213166,43.5850281329893,3.4326647803825e-10,4.50352157755672e-08
"205","HMI54_012951-T1",151.55207555696,-0.154439145822351,0.306295948084604,37.805707143385,6.17440341723928e-09,5.73790739788167e-07
"206","HMI54_012952-T1",50.8946798988328,-0.267560005949539,0.47244786691031,35.7126927994121,1.75827698589897e-08,1.4891938370443e-06
"207","HMI54_012954-T1",22.454250743492,-0.162687337862118,0.704633005584529,16.2049520436391,0.000302788498233712,0.00599395811148452
"208","HMI54_013010-T1",411.808646999982,-0.0955468671503327,0.201764205459692,16.2075796299537,0.000302390957976634,0.00599395811148452
"209","HMI54_013049-T1",561.608774745768,0.323628408032633,0.174354193629597,25.9056826789839,2.36947691181541e-06,9.32598236291583e-05
"210","HMI54_013139-T1",9847.3245707766,-0.0955997093878331,0.413347036193296,23.7189115810899,7.07137374614825e-06,0.000238962433007464
"211","HMI54_013140-T1",78.1101916728236,0.207262629223121,0.397930989675784,25.6948738728231,2.63286767147992e-06,0.00010159107946881
"212","HMI54_013597-T1",5074.70267374345,-0.361770603914891,0.194563000707384,17.082471663893,0.000195248816261023,0.00411700062801556
"213","HMI54_013708-T1",2288.25832613056,0.0620814213260955,0.156960567384673,16.40224283799,0.000274345740876692,0.00552905828977695
"214","HMI54_013792-T1",1799.6893772167,-0.0917494357494877,0.147858736556734,19.0173044565865,7.42069884478076e-05,0.00183217328304163
"215","HMI54_013801-T1",3133.5614584719,0.136355121759846,0.154230072095335,24.2139790152286,5.52079046572866e-06,0.000190410355702013
"216","HMI54_013959-T1",29.4828358689355,-1.64916826589005,0.547005001906223,22.8802729660624,1.07550356229138e-05,0.000341051864231831
"217","HMI54_014132-T1",393.193449910548,-0.109057459724113,0.192184214452531,24.8566592148192,4.00354793028548e-06,0.000144798590278595
"218","HMI54_014136-T1",5372.68935641356,0.192171452172455,0.175245159719124,39.4885535817289,2.66176396056766e-09,2.69846403941791e-07
"219","HMI54_014223-T1",259.345196954055,-0.0759800101187415,0.211743760335565,27.438986525759,1.10077810187996e-06,4.87768627793299e-05
"220","HMI54_014250-T1",706.060035488441,0.209905546041742,0.214115617940324,46.8497294860746,6.70981432957936e-11,1.04407831812129e-08
"221","HMI54_014277-T1",60.2579353531976,0.975951409510678,0.474569328523066,40.0375461320768,2.02282039131098e-09,2.17766294605193e-07
"222","HMI54_014280-T1",1571.72623747043,-0.0129869077428529,0.15561667745063,82.3694161555897,1.2992973210949e-18,9.65955375049551e-16
"223","HMI54_014392-T1",958.255579178267,-0.0496736862339617,0.157328362746213,34.1176128061029,3.90350294449988e-08,3.0727456707822e-06
"224","HMI54_014395-T1",17382.3353511321,-0.2108217987871,0.172076748300375,30.6174625305312,2.24647963818615e-07,1.33019427071713e-05
"225","HMI54_014407-T1",1489.04484413961,0.0221832249458142,0.135447613556721,25.2697394400139,3.2564603977912e-06,0.000122409980458545
"226","HMI54_014494-T1",10230.7724569627,-0.103007248031191,0.392281186099289,20.1615337970055,4.18772893401978e-05,0.00113624263823669
"227","HMI54_014534-T1",10768.8978808036,0.051792427575302,0.150181464810325,53.931208138817,1.94530163346605e-12,3.94424643318829e-10
"228","HMI54_014575-T1",1221.2626117765,-0.0279540502644472,0.142817473747087,31.4436412974024,1.48627799115801e-07,9.47112956079834e-06
"229","HMI54_014623-T1",352.358304722995,-0.31285112423285,0.204260468787378,25.9873542880419,2.27466642196275e-06,9.05940061270997e-05
"230","HMI54_014952-T1",132.627796029425,0.270769719886311,0.309302867385094,33.3681250095251,5.67810891155184e-08,4.22135852524371e-06
"231","HMI54_015113-T1",1248.49832585544,-0.163896832798442,0.16598509702959,40.1621488439437,1.90064141296566e-09,2.08478552363168e-07
"232","HMI54_015115-T1",986.514175095279,-0.0491358204879017,0.171710024613544,27.8055776033971,9.16422071456031e-07,4.19984936993993e-05
"233","HMI54_015144-T1",273.419673118949,0.280205250894126,0.220867497429099,24.9300093685767,3.8593773943863e-06,0.000141109804075622
"234","HMI54_015183-T1",155.813677197297,-0.207193932944463,0.256813400265085,18.0073207883072,0.000122958901305706,0.00282224030309139
"235","HMI54_015186-T1",487.25800043263,0.0361070974462075,0.20326192526894,17.678508139444,0.000144930814654957,0.00323244026952105
"236","HMI54_015270-T1",81.149883239745,0.534102455629286,0.361520403256299,15.791205020891,0.000372377471269432,0.00707834562574935
"237","HMI54_015367-T1",289.068785367718,-0.501503032366549,0.252527591483924,39.6667961957821,2.43480760003977e-09,2.50635348490247e-07
"238","HMI54_015369-T1",969.035792816431,0.0324719048544137,0.153760076162233,18.8824891638333,7.93815502027631e-05,0.00193847427885652
"239","HMI54_015441-T1",819.269152471356,-0.0176074736086582,0.1517480428353,55.9305665808464,7.15866075795703e-13,1.71066425469609e-10
"240","HMI54_015458-T1",131.517873051712,-0.00603123546758399,0.28783604696601,18.9954138029828,7.50236694544122e-05,0.00184552710411571
"241","HMI54_015492-T1",1488.63512491928,0.0802397281786577,0.162491685522008,42.1792052577671,6.93269274385125e-10,8.43393584529249e-08
"242","HMI54_015555-T1",158.889487741616,-0.161234792157996,0.262208660775121,20.7583926719999,3.10722215396575e-05,0.000884698869454674
"243","HMI54_015647-T1",200.018711276015,0.124834609581966,0.336710137722399,89.5156111562713,3.64696852622945e-20,4.06697773483355e-17
"244","HMI54_015660-T1",90.2314836284382,0.0762742013303398,0.350966221245364,33.3205495919664,5.81479742055024e-08,4.22900103705453e-06
"245","HMI54_015683-T1",46.0419364311406,-0.982708228499979,0.507427738050752,27.5663461255752,1.03286603379303e-06,4.63819237054308e-05
"246","HMI54_015692-T1",1041.79769473972,-0.2574979524917,0.172976243253286,19.0417724837612,7.33046698858556e-05,0.00182335147288572
"247","HMI54_015693-T1",243.773669709494,0.036579539374865,0.224878177020707,15.8953187710931,0.000353488577567717,0.00679652894398159
"248","HMI54_015819-T1",320.863996060632,-0.175361089940495,0.198534084214949,16.497558329106,0.000261577705783499,0.00531980677628386
"249","HMI54_015841-T1",1561.18139173893,-0.219543695182742,0.147697574933882,20.150236528222,4.21145081875205e-05,0.00113624263823669
"250","HMI56_000196-T1",1425.74493542112,0.0508496513823922,0.158751955657286,16.6859106665052,0.000238067732783823,0.00491639259276716
"251","HMI56_000238-T1",50.8043730265639,-0.45451273064864,0.523754201538488,28.1364107285123,7.76704891100849e-07,3.63421847996908e-05
"252","HMI56_000366-T1",214.567284047443,0.0529750570514845,0.252814660658399,15.158515918605,0.000510940220818961,0.00912923277787244
"253","HMI56_000402-T1",237.195107112147,-0.466349661630885,0.322433351408113,26.0772677167322,2.17466950136281e-06,8.76549014073408e-05
"254","HMI56_000475-T1",32.9639952377507,-1.86324727221049,0.842062210771519,30.1185504709446,2.88296827803467e-07,1.62100342422941e-05
"255","HMI56_000488-T1",1374.27016766047,0.0356429262258693,0.144841117299564,52.8844744482468,3.28308619066828e-12,6.46092050051809e-10
"256","HMI56_000685-T1",215.551295354488,0.0233123036009401,0.238549579987791,30.6500727152531,2.21014758387026e-07,1.32036584675678e-05
"257","HMI56_000708-T1",775.484491186435,-0.0149464574234539,0.161333012592537,27.8307875842404,9.04943078309457e-07,4.17584423239212e-05
"258","HMI56_000733-T1",93.058786351461,-0.466705392913395,0.34120859125695,23.0797659361721,9.73402607223214e-06,0.00031391199358373
"259","HMI56_000734-T1",80.8048325436093,0.0316777288434884,0.370216097456243,24.9774980946686,3.76881832480296e-06,0.000139954806742709
"260","HMI56_000756-T1",511.285635773331,-0.247525383972371,0.192454369930706,25.6980453617397,2.62869592469673e-06,0.00010159107946881
"261","HMI56_000859-T1",185.711589781884,0.218969521520569,0.3460103050093,31.8513018834873,1.21220947784048e-07,7.95185648650064e-06
"262","HMI56_000868-T1",165.378313912429,-0.122455387322968,0.326727437421688,15.5458007406734,0.000420990466118882,0.007824575580004
"263","HMI56_000899-T1",496.86254646207,0.023375652490743,0.170702571512969,28.941745285115,5.19254014665796e-07,2.69327799389833e-05
"264","HMI56_000947-T1",57.7147707586146,-2.2045839191237,0.523075770492692,22.7548850684021,1.14508964986807e-05,0.000359708678275457
"265","HMI56_001001-T1",546.125178935449,-0.0176492856673016,0.172420252976937,17.920781302097,0.000128396085870395,0.00291858345173623
"266","HMI56_001041-T1",2197.82642909058,-0.0464365413267109,0.132784362378224,31.8891620853274,1.1894780628887e-07,7.87999774137456e-06
"267","HMI56_001043-T1",1874.95929778683,-0.040720107029654,0.135548794449434,20.2057942566963,4.09607147125593e-05,0.00113251298405675
"268","HMI56_001185-T1",279.285050947829,-0.0732919336266981,0.672642050001099,33.4397263563225,5.47842453378673e-08,4.11866725343449e-06
"269","HMI56_001318-T1",64.2078201527489,-0.0120076234084746,0.436116893518315,18.2072806893297,0.000111260045466661,0.00261207355865764
"270","HMI56_001383-T1",344.794579729989,-0.110815463447476,0.193655012018379,26.6712143945239,1.61591823344382e-06,6.8000684905488e-05
"271","HMI56_001510-T1",6203.05046967132,0.271121006032938,0.192658471314764,32.5999009089125,8.33722385201899e-08,5.69228212182235e-06
"272","HMI56_001515-T1",680.863416401333,-0.206184701026687,0.18741760699529,137.47179914065,1.40727219832561e-30,3.13868609299888e-27
"273","HMI56_001840-T1",14931.6916142404,0.102842512029039,0.186481646443033,30.7241603383721,2.12977317144708e-07,1.2954829354684e-05
"274","HMI56_001917-T1",2363.7696140024,-0.0757462476069014,0.156597312461523,21.0437996750067,2.69399609229846e-05,0.000770321703143973
"275","HMI56_001965-T1",425.262150937613,-0.175844351280803,0.215205501939684,19.8781232012668,4.8252563568689e-05,0.0012661094228945
"276","HMI56_001994-T1",677.206770093025,-0.0201003725463526,0.186624035495445,25.0509064728606,3.63299479861915e-06,0.000135800939651177
"277","HMI56_002008-T1",1317.51609857266,-0.152520358455189,0.16102784485787,34.7442367210786,2.85354586301453e-08,2.30037052643738e-06
"278","HMI56_002011-T1",453.744065373152,-0.079903540958833,0.203397910726479,18.4796517214957,9.709449671431e-05,0.00231195472425426
"279","HMI56_002043-T1",536.209440248529,-0.25665633655441,0.174504930855855,26.7118772664379,1.58339602723873e-06,6.74809096704097e-05
"280","HMI56_002145-T1",8.34003003196384,2.27989793212178,1.64232435218334,15.3718786621677,0.000459239209030867,0.00840423635085477
"281","HMI56_002160-T1",3010.50569535728,0.0507708604576678,0.179151932029592,32.87664098697,7.25985786243005e-08,5.08606273046392e-06
"282","HMI56_002211-T1",59.8050946462546,0.440922870193836,0.491196857148981,21.5686594748561,2.07216867418153e-05,0.00061078769158364
"283","HMI56_002219-T1",712.235913585216,0.0671061764963925,0.194753006380824,69.4642308352696,8.24202503390406e-16,3.67649263345681e-13
"284","HMI56_002327-T1",3663.63469842093,-0.183897362412287,0.206182477458087,33.5597211830325,5.1593992713552e-08,3.92290233234519e-06
"285","HMI56_002456-T1",953.078671333972,-0.0300564292903509,0.189434774346871,26.6716771852236,1.61554436073669e-06,6.8000684905488e-05
"286","HMI56_002492-T1",840.434366446699,0.113728501014632,0.149464785003127,22.017571127575,1.65556096189288e-05,0.000498980107929067
"287","HMI56_002537-T1",1408.05269023893,-0.000886265766936848,0.17116069531108,29.2423303908701,4.46795341828823e-07,2.35394301746193e-05
"288","HMI56_002585-T1",1684.42232324594,0.0407949803164876,0.174377996055957,40.2249728957228,1.84186637005342e-09,2.05398798033791e-07
"289","HMI56_002588-T1",1010.5800243618,-0.01445322189271,0.16617840978063,34.6783745089794,2.94908068465126e-08,2.34908319773828e-06
"290","HMI56_002718-T1",2729.84009272081,0.200623627871808,0.186709418195395,19.5042695992631,5.8170349044901e-05,0.00148534584522423
"291","HMI56_003130-T1",1032.02044636755,0.00337600140819995,0.149319200098415,23.2597713939456,8.89620570888526e-06,0.000290363475112933
"292","HMI56_003495-T1",1991.31559687743,0.0644015979678405,0.153980281690239,43.6484476313621,3.32552352971527e-10,4.50352157755672e-08
"293","HMI56_003502-T1",73.1235320369458,-0.0302603413496658,0.46449875317966,30.3919708663468,2.51459113003569e-07,1.47588853079551e-05
"294","HMI56_003513-T1",2795.37782051117,-0.0885423630552506,0.14800999645359,26.8180545505425,1.50152803965086e-06,6.47523883046386e-05
"295","HMI56_003677-T1",55.2162203670749,0.251614009421879,0.443581417806154,19.420331859582,6.06636473475218e-05,0.00153169986566894
"296","HMI56_003735-T1",153.510108761465,-0.026299520654337,0.290900527319634,15.3794198660543,0.000457510861280287,0.00840423635085477
"297","HMI56_003736-T1",180.439103334907,0.106358497369829,0.264873701860038,16.968023692643,0.000206747597111492,0.0043094958637788
"298","HMI56_003757-T1",141.364222587935,-0.170069772750256,0.29102578704549,26.1173794906894,2.13148903430576e-06,8.64351098699384e-05
"299","HMI56_003767-T1",899.761688610921,0.117356445857137,0.166373845998042,16.5700672920732,0.000252264190141163,0.00516177277135939
"300","HMI56_003843-T1",125.550226669739,-0.104510063781655,0.329581866626594,40.0104545693865,2.05040749665628e-09,2.17766294605193e-07
"301","HMI56_004056-T1",72.737973939748,-0.0338348338810791,0.390381324750789,15.0199882243968,0.000547584312772415,0.0096418069388427
"302","HMI56_004060-T1",27.8681488126602,4.56581358444982,1.57705099446782,66.5524870525112,3.53436223503658e-15,1.24465356392788e-12
"303","HMI56_004164-T1",496.6734868489,-0.0182781230428257,0.172049775028582,32.9641192705273,6.9491622218269e-08,4.94647281130253e-06
"304","HMI56_004184-T1",106.75798422669,-0.248467399794219,0.315634455557486,19.9722760531639,4.60336445029243e-05,0.00122226633082963
"305","HMI56_004203-T1",149.652918048622,-0.438877825240789,0.298925352417431,16.7682520393256,0.000228465345568628,0.00474739635776301
"306","HMI56_004498-T1",1416.52108390018,0.0657583116130968,0.148274788944087,52.2482166301238,4.51277742442696e-12,8.38749826301132e-10
"307","HMI56_004675-T1",48.1545560480885,0.331960672873915,0.480513598488606,22.8593179366788,1.08683140686624e-05,0.000343018346384057
"308","HMI56_004824-T1",1257.60945097534,-0.048527932927357,0.141107554049423,58.8264650801485,1.68265628847765e-13,4.69110551091832e-11
"309","HMI56_004923-T1",31.0291635535295,-1.00586242356609,0.625033386706266,18.8189643856483,8.19433672313561e-05,0.0019937566187091
"310","HMI56_004953-T1",42.1883783960533,-0.229397604646804,0.580625951495907,23.9027960958532,6.45020884941477e-06,0.000219077905641798
"311","HMI56_004981-T1",113.120738849391,0.23598866441908,0.324630290837594,24.9468010735818,3.82711027555969e-06,0.000140698872822912
"312","HMI56_005009-T1",298.929381247447,-0.244748482800818,0.309511380394627,79.0935240696941,6.68435445063937e-18,3.727084635769e-15
"313","HMI56_005054-T1",52.3018387548218,-0.509360714832029,0.440442015914295,16.9707119630189,0.000206469887072929,0.0043094958637788
"314","HMI56_005059-T1",1363.68446186136,0.00213869493231633,0.160177611079011,30.6831521817856,2.173892979585e-07,1.31040702039669e-05
"315","HMI56_005208-T1",4222.31470058032,-0.27249741166366,0.189281841023162,18.0252242340626,0.000121863119182206,0.00282140529566831
"316","HMI56_005267-T1",1137.79464332179,-0.209125082098516,0.140644845681593,42.9975505313431,4.60469145029369e-10,5.92499817190674e-08
"317","HMI56_005270-T1",8304.64807073837,-0.195875616401717,0.171726662259323,28.2498797608994,7.33865637364947e-07,3.53258631626537e-05
"318","HMI56_005718-T1",23.82312030715,2.16304689231934,0.754016302769242,15.3615398512871,0.000461619349351285,0.00841606285152439
"319","HMI56_005838-T1",4905.70520470939,-0.0579476130638839,0.13195488704721,37.570632421517,6.94449754729877e-09,6.36515521766796e-07
"320","HMI56_005937-T1",418.931629467432,-0.155803240360425,0.213387931825624,26.4081847791644,1.84304329201517e-06,7.64028291080219e-05
"321","HMI56_006219-T1",250.558783638834,-0.0230330625607831,0.241299673886835,16.4622887002788,0.000266231493819014,0.00539804522770612
"322","HMI56_006278-T1",37.2918107700016,-0.122792549537955,0.559772928351007,22.8840848206776,1.0734556828572e-05,0.000341051864231831
"323","HMI56_006478-T1",866.841686589423,-0.172036290711722,0.169293685205641,29.8466604789262,3.30278288471707e-07,1.84157669013682e-05
"324","HMI56_006566-T1",33.4381526086476,0.589234849008825,0.640838683723496,22.2342529884248,1.48557064439051e-05,0.000458797732990627
"325","HMI56_006627-T1",702.525139895047,0.610228533316269,0.200027354009724,45.1112544898077,1.60035212800785e-10,2.2782885294682e-08
"326","HMI56_006646-T1",201.388433462101,0.0962320136792463,0.253312113142788,23.5602445181304,7.65522406351718e-06,0.000256105521044967
"327","HMI56_006711-T1",78.5012330373227,-0.386243953880157,0.384206023100899,23.0820309817928,9.72300830578252e-06,0.00031391199358373
"328","HMI56_006789-T1",89.895827142695,-0.278196223375512,0.813191121891213,19.6217331240696,5.48522932830104e-05,0.00141705287396379
"329","HMI56_006849-T1",41.2683957862365,0.781691264379209,0.637052054298988,25.6880362934934,2.64188429645387e-06,0.00010159107946881
"330","HMI56_006869-T1",530.215364953026,-0.157125776491611,0.20608997016868,15.1483694558937,0.000513538925108416,0.00913633173774766
"331","HMI56_006876-T1",3841.8561001889,-0.13950583356971,0.175489784067798,19.8031489721499,5.00957448770136e-05,0.00130933839442226
"332","HMI56_006969-T1",42.2271755631152,0.0506679391028012,0.513508012539743,22.2310447582698,1.48795558300652e-05,0.000458797732990627
"333","HMI56_007039-T1",134.469016377747,0.148294210274882,0.302028752009978,15.8268082659894,0.000365807202311786,0.00699318854476617
"334","HMI56_007092-T1",48.2967170391608,-0.376940504126334,0.485172899421924,21.6803166044978,1.95965250218707e-05,0.000582757106317053
"335","HMI56_007150-T1",88.8325562803418,-0.143764945778796,0.453879225245976,59.6788549746058,1.0987560998401e-13,3.19642481044786e-11
"336","HMI56_007205-T1",45.8841953837669,0.471337800253067,0.463174444929999,24.4004955346538,5.02920937896614e-06,0.000176180313898756
"337","HMI56_007322-T1",837.936324710322,0.180247433517991,0.171051448955931,17.5740956774295,0.000152698092334627,0.00337195688386464
"338","HMI56_007398-T1",662.951111893758,0.131817199111348,0.175357886101807,15.4183267417935,0.000448696712874251,0.00827060525025238
"339","HMI56_007441-T1",65.1337502167255,-0.443396051655089,0.441534806360492,32.6554097804562,8.10901052355776e-08,5.59354530032216e-06
"340","HMI56_007493-T1",34.0885876832563,-0.578224115773505,0.734145623750901,28.6302035201908,6.06778658841025e-07,3.05259850098143e-05
"341","HMI56_007526-T1",207.568874351232,-0.00611569526008438,0.252842644179392,15.1314262473636,0.000517907903655883,0.00915640843532649
"342","HMI56_007533-T1",683.017502179596,-0.103310193206462,0.171276463069303,21.550870920263,2.09068132325039e-05,0.000611103263430087
"343","HMI56_007559-T1",133.161296997891,0.0567170645028562,0.276011516568853,17.9164003242436,0.000128677644337496,0.00291858345173623
"344","HMI56_007561-T1",1497.97720270026,0.0816967066762224,0.139740106737621,65.1999353694358,6.95046601740487e-15,2.21455086297409e-12
"345","HMI56_007604-T1",113.763312370187,-0.413589984608397,0.309928761937938,15.734956535741,0.000382998966251126,0.00723911322933979
"346","HMI55_000170-T1",363.51705408842,0.143917403372422,0.188358523369826,16.0241708967767,0.00033143281174319,0.00644656088190024
"347","HMI55_000226-T1",694.977157924734,-0.318631697350223,0.183979223154455,30.3738834840617,2.53743545839076e-07,1.47634614366023e-05
"348","HMI55_000232-T1",9.12780032957681,-5.58548963890135,1.81283346439912,19.9505276456632,4.65369553252096e-05,0.00123074611889714
"349","HMI55_000244-T1",213.872129304196,0.203400268248105,0.242710259854204,19.6325627117675,5.45560821077081e-05,0.00141486335419641
"350","HMI55_000376-T1",1806.25913068392,-0.0761846939240803,0.164930956944995,33.2653302352606,5.97757893921714e-08,4.30064308411849e-06
"351","HMI55_000478-T1",57.8235073680037,0.217528316735949,0.452306467741489,30.1768558546474,2.80013526133671e-07,1.58777161301728e-05
"352","HMI55_000725-T1",1237.27614150314,-0.0909595683412805,0.18208442993613,29.7989635391342,3.38249594211326e-07,1.8551049466131e-05
"353","HMI55_001081-T1",976.525594052858,-0.448166722490852,0.185427809827573,24.6976728622701,4.33479416433368e-06,0.000155936063191165
"354","HMI55_001473-T1",1122.77303576332,-0.255289823922411,0.153963370207085,26.4190572104764,1.83305129514869e-06,7.64028291080219e-05
"355","HMI55_001672-T1",150.978633737318,-0.137708816192379,0.272578925853193,24.0953449817564,5.85817468043484e-06,0.00020101049634251
"356","HMI55_001715-T1",436.158218327745,0.16126719700792,0.181163269763073,42.709561527759,5.31785574184768e-10,6.71354203183072e-08
"357","HMI55_001752-T1",211.901847505777,-0.11604232287557,0.272622281681566,15.1557324276208,0.000511651814631918,0.00912923277787244
"358","HMI55_001823-T1",70.1309141763809,-0.253536518149862,0.480034900097322,33.3295311857974,5.78874289281339e-08,4.22900103705453e-06
"359","HMI55_001843-T1",1195.64953578652,0.0421090899080307,0.160012902393846,25.9443748551874,2.32407737045706e-06,9.20142111581548e-05
"360","HMI55_001956-T1",59.0956495617318,0.0243347624008081,0.440403808807636,17.4313277363057,0.000163996762997854,0.00357427472709656
"361","HMI55_002200-T1",948.943935734791,0.0750608947112854,0.155193435173449,27.4634478914683,1.08739683186519e-06,4.85051480134e-05
"362","HMI55_002922-T1",99.7691969634768,-0.168976829805343,0.351710583833045,46.5800140582927,7.67853668953116e-11,1.1676611134012e-08
"363","HMI55_003334-T1",18.14979841225,0.125654083891084,0.894933173100408,17.1124097488394,0.000192347894615023,0.0040727840597124
"364","HMI55_003483-T1",346.193816759148,-0.179340137367883,0.22642850440137,100.131224194345,1.80626278074085e-22,2.41714085318741e-19
"365","HMI55_003592-T1",638.059674241581,-0.00027858112724793,0.18899446341489,26.2258863670932,2.01892940707479e-06,8.23698576996185e-05
"366","HMI55_003816-T1",74.6606483630397,-0.134150243265501,0.37514783896364,16.146446213166,0.000311776770130804,0.00609970283317313
"367","HMI55_003878-T1",458.66700721952,-0.21096989910117,0.222758505904763,20.583467842941,3.39122612062673e-05,0.000959314916751372
"368","HMI55_004295-T1",7.00189712319528,-6.3736747834843,1.77658061612393,15.7682925796637,0.000376668039654631,0.00713961998110237
"369","HMI55_004382-T1",68.4993843225949,-0.192398917004523,0.417236179247789,21.4238718111664,2.22774432342471e-05,0.000645274340607564
"370","HMI55_004581-T1",1819.43380623222,-0.0644125353572297,0.147099781338453,82.4747839856894,1.23261715976297e-18,9.65955375049551e-16
"371","HMI55_005297-T1",389.660178406087,-0.259884056070882,0.212021274816275,23.3421297554978,8.53730752695115e-06,0.000281394702772562
"372","HMI55_005344-T1",383.440705324667,-0.0661752536742136,0.207291554806368,26.282212206433,1.96286365368252e-06,8.05737466674218e-05
"373","HMI55_005713-T1",416.37221485115,0.23282933581706,0.268908694288901,140.659570290763,2.85865929638561e-31,9.56364467605806e-28
"374","HMI55_005927-T1",205.469517040604,0.236894866018816,0.235847812665193,20.1556238058765,4.20012195608976e-05,0.00113624263823669
"375","HMI55_006014-T1",194.929979670717,0.186889664264692,0.240510690241994,17.2108798403671,0.000183106992008457,0.00391427758315842
"376","HMI55_006273-T1",231.347738065959,-0.384107186416041,0.248269186276245,16.5266752750915,0.000257797120367764,0.00525890406213631
"377","HMI55_006873-T1",697.946874590851,0.0476001980798592,0.163150685655167,50.9996474854142,8.42494858223884e-12,1.44541874266051e-09
"378","HMI55_007128-T1",52.4026090619858,0.240474921343202,0.477926078955359,24.9684251679333,3.78595426997913e-06,0.000139954806742709
"379","HMI55_007286-T1",44.008710771054,-0.957723625739958,0.519729223204701,20.579499268576,3.39796196786841e-05,0.000959314916751372
"380","HMI55_007330-T1",551.288743238152,-0.181419267029667,0.194238880302948,18.0075016883436,0.000122947780173807,0.00282224030309139
